文件,类型,原图层,左上角X,左上角Y,宽,高,Sprite2D居中PositionX,Sprite2D居中PositionY,Z Index
原画补充/白底.png,solid_background,背景,0,0,1,1,0.5,0.5,0
背景/森林背景_01.png,layer,background,0,0,4096,3362,2048.0,1681.0,1
背景/森林背景_02.png,layer,background,4096,0,4096,3362,6144.0,1681.0,1
背景/森林背景_03.png,layer,background,8192,0,4096,3362,10240.0,1681.0,1
背景/森林背景_04.png,layer,background,12288,0,4093,3362,14334.5,1681.0,1
地面/地面_01.png,layer,flat,0,1382,4096,1980,2048.0,2372.0,2
地面/地面_02.png,layer,flat,4096,2698,4096,664,6144.0,3030.0,2
地面/地面_03.png,layer,flat,8192,2961,4096,401,10240.0,3161.5,2
地面/地面_04.png,layer,flat,12288,2613,4093,749,14334.5,2987.5,2
蘑菇/完整/蘑菇01_左.png,layer,图层 8,1840,1931,648,785,2164.0,2323.5,3
蘑菇/完整/蘑菇01_右.png,layer,从选区,11167,2319,648,785,11491.0,2711.5,4
蘑菇/部件/蘑菇02_菌盖.png,layer,mushroom3。2,1135,1803,700,348,1485.0,1977.0,5
蘑菇/部件/蘑菇02_菌柄.png,layer,mushroom3。1,1414,2138,58,528,1443.0,2402.0,6
蘑菇/完整/蘑菇03_左.png,layer,从选区,2806,1464,1045,1318,3328.5,2123.0,7
蘑菇/部件/蘑菇03_菌盖.png,layer,muahroom2。2,9488,1832,1045,247,10010.5,1955.5,8
蘑菇/部件/蘑菇03_菌柄.png,layer,mushroom2。1,9929,2035,185,1149,10021.5,2609.5,9
蘑菇/部件/蘑菇04_菌盖.png,layer,mushroom1。2,4829,2037,1135,393,5396.5,2233.5,10
原画补充/蘑菇04图层_分离小片.png,layer,mushroom1。2,1851,2107,119,54,1910.5,2134.0,10
蘑菇/部件/蘑菇04_菌柄.png,layer,mushroom1。1,5245,2386,258,522,5374.0,2647.0,11
前景/前景剪影_01.png,layer,foreground,0,1569,3526,1793,1763.0,2465.5,12
前景/前景剪影_02.png,layer,foreground,5679,2144,2513,1218,6935.5,2753.0,12
前景/前景剪影_03.png,layer,foreground,8192,1796,4096,1566,10240.0,2579.0,12
前景/前景剪影_04.png,layer,foreground,12288,1768,1512,1594,13044.0,2565.0,12
云/云01.png,layer,cloud,7594,1333,1482,779,8335.0,1722.5,13
云/云02.png,layer,cloud,12235,1892,1001,671,12735.5,2227.5,14
蘑菇/完整/蘑菇02.png,combined_alternative,蘑菇02,1135,1803,700,863,1485.0,2234.5,6
蘑菇/完整/蘑菇03_右.png,combined_alternative,蘑菇03_右,9488,1832,1045,1352,10010.5,2508.0,9
蘑菇/完整/蘑菇04.png,combined_alternative,蘑菇04,4829,2037,1135,871,5396.5,2472.5,11
